words;
toy_with;
legal_action;
accomplish;
picture_show;
Netflix;
film;
imdb;
activity;
fantasize;
military_action;
think_of;
fulfill;
bear;
carry_out;
motion-picture_show;
natural_action;
flirt_with;
pic;
nurse;
activeness;
flick;
carry_through;
fulfil;
hold;
illusion;
process;
motion_picture;
fantasy;
stremaing;
natural_process;
sue;
action_mechanism;
moving-picture_show;
fantasise;
action_at_law;
execute;
think_about;
phantasy;
harbor;
action;
moving_picture;
litigate;
fancy;
harbour;
entertain;
picture;
movie;